मूर्धन्य ध्वनियाँ,"मूर्धन्य ध्वनियाँ वे ध्वनियाँ हैं जो मुखभाग के मूर्धन्य (शिरस्थ) स्थान से उत्पन्न होती हैं जिनमें वयार्गीय या शिरस्थ स्थान से वायुवेग का उत्पन्न होना और मुख के उच्च भागों को अपनाना शामिल है।",ट,Initial,टमाटर,इसे उच्च तालु में जीभ मिलाकर उच्चारित करें। इसमें जीभ ऊपर की ओर मोड़ी होती है।
मूर्धन्य ध्वनियाँ,"मूर्धन्य ध्वनियाँ वे ध्वनियाँ हैं जो मुखभाग के मूर्धन्य (शिरस्थ) स्थान से उत्पन्न होती हैं जिनमें वयार्गीय या शिरस्थ स्थान से वायुवेग का उत्पन्न होना और मुख के उच्च भागों को अपनाना शामिल है।",ट,Medial,बिटिया,इसे उच्च तालु में जीभ मिलाकर उच्चारित करें। इसमें जीभ ऊपर की ओर मोड़ी होती है।
मूर्धन्य ध्वनियाँ,"मूर्धन्य ध्वनियाँ वे ध्वनियाँ हैं जो मुखभाग के मूर्धन्य (शिरस्थ) स्थान से उत्पन्न होती हैं जिनमें वयार्गीय या शिरस्थ स्थान से वायुवेग का उत्पन्न होना और मुख के उच्च भागों को अपनाना शामिल है।",ट,Final,प्लेट,इसे उच्च तालु में जीभ मिलाकर उच्चारित करें। इसमें जीभ ऊपर की ओर मोड़ी होती है।
मूर्धन्य ध्वनियाँ,"मूर्धन्य ध्वनियाँ वे ध्वनियाँ हैं जो मुखभाग के मूर्धन्य (शिरस्थ) स्थान से उत्पन्न होती हैं जिनमें वयार्गीय या शिरस्थ स्थान से वायुवेग का उत्पन्न होना और मुख के उच्च भागों को अपनाना शामिल है।",ठ,Initial,ठहरो, इसे उच्च तालु में जीभ मिलाकर उच्चारित करें। इसमें अधिक शक्ति से श्वास छोड़ते है।
मूर्धन्य ध्वनियाँ,"मूर्धन्य ध्वनियाँ वे ध्वनियाँ हैं जो मुखभाग के मूर्धन्य (शिरस्थ) स्थान से उत्पन्न होती हैं जिनमें वयार्गीय या शिरस्थ स्थान से वायुवेग का उत्पन्न होना और मुख के उच्च भागों को अपनाना शामिल है।",ठ,Medial,, इसे उच्च तालु में जीभ मिलाकर उच्चारित करें। इसमें अधिक शक्ति से श्वास छोड़ते है।
मूर्धन्य ध्वनियाँ,"मूर्धन्य ध्वनियाँ वे ध्वनियाँ हैं जो मुखभाग के मूर्धन्य (शिरस्थ) स्थान से उत्पन्न होती हैं जिनमें वयार्गीय या शिरस्थ स्थान से वायुवेग का उत्पन्न होना और मुख के उच्च भागों को अपनाना शामिल है।",ठ,Final,अँगूठा, इसे उच्च तालु में जीभ मिलाकर उच्चारित करें। इसमें अधिक शक्ति से श्वास छोड़ते है।
मूर्धन्य ध्वनियाँ,"मूर्धन्य ध्वनियाँ वे ध्वनियाँ हैं जो मुखभाग के मूर्धन्य (शिरस्थ) स्थान से उत्पन्न होती हैं जिनमें वयार्गीय या शिरस्थ स्थान से वायुवेग का उत्पन्न होना और मुख के उच्च भागों को अपनाना शामिल है।",ड,Initial,झण्‍डा,"इसे तालु स्थान से उच्चारित करें जीभ को तालु से मिलाकर मुँह को खोलकर धीरे से श्वास छोड़ते है।"
मूर्धन्य ध्वनियाँ,"मूर्धन्य ध्वनियाँ वे ध्वनियाँ हैं जो मुखभाग के मूर्धन्य (शिरस्थ) स्थान से उत्पन्न होती हैं जिनमें वयार्गीय या शिरस्थ स्थान से वायुवेग का उत्पन्न होना और मुख के उच्च भागों को अपनाना शामिल है।",ड,Medial,,"इसे तालु स्थान से उच्चारित करें जीभ को तालु से मिलाकर मुँह को खोलकर धीरे से श्वास छोड़ते है।"
मूर्धन्य ध्वनियाँ,"मूर्धन्य ध्वनियाँ वे ध्वनियाँ हैं जो मुखभाग के मूर्धन्य (शिरस्थ) स्थान से उत्पन्न होती हैं जिनमें वयार्गीय या शिरस्थ स्थान से वायुवेग का उत्पन्न होना और मुख के उच्च भागों को अपनाना शामिल है।",ड,Final,,"इसे तालु स्थान से उच्चारित करें जीभ को तालु से मिलाकर मुँह को खोलकर धीरे से श्वास छोड़ते है।"
मूर्धन्य ध्वनियाँ,"मूर्धन्य ध्वनियाँ वे ध्वनियाँ हैं जो मुखभाग के मूर्धन्य (शिरस्थ) स्थान से उत्पन्न होती हैं जिनमें वयार्गीय या शिरस्थ स्थान से वायुवेग का उत्पन्न होना और मुख के उच्च भागों को अपनाना शामिल है।",ढ,Initial,ढोलक,"इसका उच्चारण तालु स्थान से होता है और इसमें जोरदार श्वास होती है। इसे उच्च तालु और जीभ से मिलाकर कहें।"
मूर्धन्य ध्वनियाँ,"मूर्धन्य ध्वनियाँ वे ध्वनियाँ हैं जो मुखभाग के मूर्धन्य (शिरस्थ) स्थान से उत्पन्न होती हैं जिनमें वयार्गीय या शिरस्थ स्थान से वायुवेग का उत्पन्न होना और मुख के उच्च भागों को अपनाना शामिल है।",ढ,Medial,कढ़ाई,"इसका उच्चारण तालु स्थान से होता है और इसमें जोरदार श्वास होती है। इसे उच्च तालु और जीभ से मिलाकर कहें।"
मूर्धन्य ध्वनियाँ,"मूर्धन्य ध्वनियाँ वे ध्वनियाँ हैं जो मुखभाग के मूर्धन्य (शिरस्थ) स्थान से उत्पन्न होती हैं जिनमें वयार्गीय या शिरस्थ स्थान से वायुवेग का उत्पन्न होना और मुख के उच्च भागों को अपनाना शामिल है।",ढ,Final,,"इसका उच्चारण तालु स्थान से होता है और इसमें जोरदार श्वास होती है। इसे उच्च तालु और जीभ से मिलाकर कहें।"
मूर्धन्य ध्वनियाँ,"मूर्धन्य ध्वनियाँ वे ध्वनियाँ हैं जो मुखभाग के मूर्धन्य (शिरस्थ) स्थान से उत्पन्न होती हैं जिनमें वयार्गीय या शिरस्थ स्थान से वायुवेग का उत्पन्न होना और मुख के उच्च भागों को अपनाना शामिल है।",ण,Initial,,"इसे उच्च तालु और जीभ से मिलाकर कहें और इसमें नाक को सही से भरकर श्वास निकालें।"
मूर्धन्य ध्वनियाँ,"मूर्धन्य ध्वनियाँ वे ध्वनियाँ हैं जो मुखभाग के मूर्धन्य (शिरस्थ) स्थान से उत्पन्न होती हैं जिनमें वयार्गीय या शिरस्थ स्थान से वायुवेग का उत्पन्न होना और मुख के उच्च भागों को अपनाना शामिल है।",ण,Medial,,"इसे उच्च तालु और जीभ से मिलाकर कहें और इसमें नाक को सही से भरकर श्वास निकालें।"
मूर्धन्य ध्वनियाँ,"मूर्धन्य ध्वनियाँ वे ध्वनियाँ हैं जो मुखभाग के मूर्धन्य (शिरस्थ) स्थान से उत्पन्न होती हैं जिनमें वयार्गीय या शिरस्थ स्थान से वायुवेग का उत्पन्न होना और मुख के उच्च भागों को अपनाना शामिल है।",ण,Final,त्रिकोण,"इसे उच्च तालु और जीभ से मिलाकर कहें और इसमें नाक को सही से भरकर श्वास निकालें।"
मूर्धन्य ध्वनियाँ,"मूर्धन्य ध्वनियाँ वे ध्वनियाँ हैं जो मुखभाग के मूर्धन्य (शिरस्थ) स्थान से उत्पन्न होती हैं जिनमें वयार्गीय या शिरस्थ स्थान से वायुवेग का उत्पन्न होना और मुख के उच्च भागों को अपनाना शामिल है।",र,Initial,राजा,"इसे उच्च तालु और जीभ से मिलाकर कहें और इसमें नाक को सही से भरकर श्वास निकालें।"
मूर्धन्य ध्वनियाँ,"मूर्धन्य ध्वनियाँ वे ध्वनियाँ हैं जो मुखभाग के मूर्धन्य (शिरस्थ) स्थान से उत्पन्न होती हैं जिनमें वयार्गीय या शिरस्थ स्थान से वायुवेग का उत्पन्न होना और मुख के उच्च भागों को अपनाना शामिल है।",र,Medial,झरना,"इसे उच्च तालु और जीभ से मिलाकर कहें और इसमें नाक को सही से भरकर श्वास निकालें।"
मूर्धन्य ध्वनियाँ,"मूर्धन्य ध्वनियाँ वे ध्वनियाँ हैं जो मुखभाग के मूर्धन्य (शिरस्थ) स्थान से उत्पन्न होती हैं जिनमें वयार्गीय या शिरस्थ स्थान से वायुवेग का उत्पन्न होना और मुख के उच्च भागों को अपनाना शामिल है।",र,Final,अनार,"इसे उच्च तालु और जीभ से मिलाकर कहें और इसमें नाक को सही से भरकर श्वास निकालें।"
मूर्धन्य ध्वनियाँ,"मूर्धन्य ध्वनियाँ वे ध्वनियाँ हैं जो मुखभाग के मूर्धन्य (शिरस्थ) स्थान से उत्पन्न होती हैं जिनमें वयार्गीय या शिरस्थ स्थान से वायुवेग का उत्पन्न होना और मुख के उच्च भागों को अपनाना शामिल है।",ष,Initial,षट्कोन,"इसे उच्च तालु और जीभ से मिलाकर कहें और इसमें नाक को सही से भरकर श्वास निकालें।"
मूर्धन्य ध्वनियाँ,"मूर्धन्य ध्वनियाँ वे ध्वनियाँ हैं जो मुखभाग के मूर्धन्य (शिरस्थ) स्थान से उत्पन्न होती हैं जिनमें वयार्गीय या शिरस्थ स्थान से वायुवेग का उत्पन्न होना और मुख के उच्च भागों को अपनाना शामिल है।",ष,Medial,,"इसे उच्च तालु और जीभ से मिलाकर कहें और इसमें नाक को सही से भरकर श्वास निकालें।"
मूर्धन्य ध्वनियाँ,"मूर्धन्य ध्वनियाँ वे ध्वनियाँ हैं जो मुखभाग के मूर्धन्य (शिरस्थ) स्थान से उत्पन्न होती हैं जिनमें वयार्गीय या शिरस्थ स्थान से वायुवेग का उत्पन्न होना और मुख के उच्च भागों को अपनाना शामिल है।",ष,Final,धनुष,"इसे उच्च तालु और जीभ से मिलाकर कहें और इसमें नाक को सही से भरकर श्वास निकालें।"
दांतीय ध्वनियाँ,"दांतीय-ध्वनियाँ वे होती हैं जो हमारे दाँतों के पीछे या पास से जीभ को छूकर बनती हैं।",त,Initial,तरबूज,इस ध्वनि को जीभ की नोक को ऊपरी सामने के दांतों के पीछे छूकर या टिकाकर उच्चारित किया जाता है।
दांतीय ध्वनियाँ,"दांतीय-ध्वनियाँ वे होती हैं जो हमारे दाँतों के पीछे या पास से जीभ को छूकर बनती हैं।",त,Medial,छतरी,इस ध्वनि को जीभ की नोक को ऊपरी सामने के दांतों के पीछे छूकर या टिकाकर उच्चारित किया जाता है।
दांतीय ध्वनियाँ,"दांतीय-ध्वनियाँ वे होती हैं जो हमारे दाँतों के पीछे या पास से जीभ को छूकर बनती हैं।",त,Final,नवजात,इस ध्वनि को जीभ की नोक को ऊपरी सामने के दांतों के पीछे छूकर या टिकाकर उच्चारित किया जाता है।
दांतीय ध्वनियाँ,"दांतीय-ध्वनियाँ वे होती हैं जो हमारे दाँतों के पीछे या पास से जीभ को छूकर बनती हैं।",थ,Initial,थरमस,इस ध्वनि मेंं जीभ को दांतों के बीच रखना और हवा को बाहर निकालना होता है।
दांतीय ध्वनियाँ,"दांतीय-ध्वनियाँ वे होती हैं जो हमारे दाँतों के पीछे या पास से जीभ को छूकर बनती हैं।",थ,Medial,पत्थर,इस ध्वनि मेंं जीभ को दांतों के बीच रखना और हवा को बाहर निकालना होता है।
दांतीय ध्वनियाँ,"दांतीय-ध्वनियाँ वे होती हैं जो हमारे दाँतों के पीछे या पास से जीभ को छूकर बनती हैं।",थ,Final,हाथ,इस ध्वनि मेंं जीभ को दांतों के बीच रखना और हवा को बाहर निकालना होता है।
दांतीय ध्वनियाँ,"दांतीय-ध्वनियाँ वे होती हैं जो हमारे दाँतों के पीछे या पास से जीभ को छूकर बनती हैं।",द,Initial,दवा,इस ध्वनि को जीभ की नोक को ऊपरी सामने के दांतों के पीछे छूकर या टिकाकर उच्चारित किया जाता है।
दांतीय ध्वनियाँ,"दांतीय-ध्वनियाँ वे होती हैं जो हमारे दाँतों के पीछे या पास से जीभ को छूकर बनती हैं।",द,Medial,समंदर,इस ध्वनि को जीभ की नोक को ऊपरी सामने के दांतों के पीछे छूकर या टिकाकर उच्चारित किया जाता है।
दांतीय ध्वनियाँ,"दांतीय-ध्वनियाँ वे होती हैं जो हमारे दाँतों के पीछे या पास से जीभ को छूकर बनती हैं।",द,Final,चाँद,इस ध्वनि को जीभ की नोक को ऊपरी सामने के दांतों के पीछे छूकर या टिकाकर उच्चारित किया जाता है।
दांतीय ध्वनियाँ,"दांतीय-ध्वनियाँ वे होती हैं जो हमारे दाँतों के पीछे या पास से जीभ को छूकर बनती हैं।",ध,Initial,धन,इस ध्वनि मेंं जीभ को दांतों के बीच रखना और हवा को बाहर निकालना होता है।
दांतीय ध्वनियाँ,"दांतीय-ध्वनियाँ वे होती हैं जो हमारे दाँतों के पीछे या पास से जीभ को छूकर बनती हैं।",ध,Medial,,इस ध्वनि मेंं जीभ को दांतों के बीच रखना और हवा को बाहर निकालना होता है।
दांतीय ध्वनियाँ,"दांतीय-ध्वनियाँ वे होती हैं जो हमारे दाँतों के पीछे या पास से जीभ को छूकर बनती हैं।",ध,Final,,इस ध्वनि मेंं जीभ को दांतों के बीच रखना और हवा को बाहर निकालना होता है।
दांतीय ध्वनियाँ,"दांतीय-ध्वनियाँ वे होती हैं जो हमारे दाँतों के पीछे या पास से जीभ को छूकर बनती हैं।",न,Initial,नथ,इस ध्वनि को जीभ की नोक को ऊपरी सामने के दांतों के पीछे छूकर या टिकाकर उच्चारित किया जाता है। हवा को नाक से बाहर निकालें।
दांतीय ध्वनियाँ,"दांतीय-ध्वनियाँ वे होती हैं जो हमारे दाँतों के पीछे या पास से जीभ को छूकर बनती हैं।",न,Medial,जानवर,इस ध्वनि को जीभ की नोक को ऊपरी सामने के दांतों के पीछे छूकर या टिकाकर उच्चारित किया जाता है। हवा को नाक से बाहर निकालें।
दांतीय ध्वनियाँ,"दांतीय-ध्वनियाँ वे होती हैं जो हमारे दाँतों के पीछे या पास से जीभ को छूकर बनती हैं।",न,Final,कान,इस ध्वनि को जीभ की नोक को ऊपरी सामने के दांतों के पीछे छूकर या टिकाकर उच्चारित किया जाता है। हवा को नाक से बाहर निकालें।
दांतीय ध्वनियाँ,"दांतीय-ध्वनियाँ वे होती हैं जो हमारे दाँतों के पीछे या पास से जीभ को छूकर बनती हैं।",ल,Initial,लड्डू,इस ध्वनि को जीभ की नोक को ऊपरी सामने के दांतों के पीछे छूकर या टिकाकर उच्चारित किया जाता है। हवा को नाक से बाहर निकालें।
दांतीय ध्वनियाँ,"दांतीय-ध्वनियाँ वे होती हैं जो हमारे दाँतों के पीछे या पास से जीभ को छूकर बनती हैं।",ल,Medial,गिलास,इस ध्वनि को जीभ की नोक को ऊपरी सामने के दांतों के पीछे छूकर या टिकाकर उच्चारित किया जाता है। हवा को नाक से बाहर निकालें।
दांतीय ध्वनियाँ,"दांतीय-ध्वनियाँ वे होती हैं जो हमारे दाँतों के पीछे या पास से जीभ को छूकर बनती हैं।",ल,Final,मोबाइल,इस ध्वनि को जीभ की नोक को ऊपरी सामने के दांतों के पीछे छूकर या टिकाकर उच्चारित किया जाता है। हवा को नाक से बाहर निकालें।
दांतीय ध्वनियाँ,"दांतीय-ध्वनियाँ वे होती हैं जो हमारे दाँतों के पीछे या पास से जीभ को छूकर बनती हैं।",स,Initial,सतरंग,इस ध्वनि को जीभ की नोक को ऊपरी सामने के दांतों के पीछे छूकर या टिकाकर उच्चारित किया जाता है। हवा को नाक से बाहर निकालें।
दांतीय ध्वनियाँ,"दांतीय-ध्वनियाँ वे होती हैं जो हमारे दाँतों के पीछे या पास से जीभ को छूकर बनती हैं।",स,Medial,,इस ध्वनि को जीभ की नोक को ऊपरी सामने के दांतों के पीछे छूकर या टिकाकर उच्चारित किया जाता है। हवा को नाक से बाहर निकालें।
दांतीय ध्वनियाँ,"दांतीय-ध्वनियाँ वे होती हैं जो हमारे दाँतों के पीछे या पास से जीभ को छूकर बनती हैं।",स,Final,घास,इस ध्वनि को जीभ की नोक को ऊपरी सामने के दांतों के पीछे छूकर या टिकाकर उच्चारित किया जाता है। हवा को नाक से बाहर निकालें।
ओष्ठय ध्वनियाँ,"ओष्ठय-ध्वनियाँ वे होती हैं जो हमारे होंठों को मिलाकर निकलती हैं।",प,Initial,पतंग,इस ध्वनि में होंठों को दंतों से अलग करके हवा को जल्दी से निकाला जाता है।
ओष्ठय ध्वनियाँ,"ओष्ठय-ध्वनियाँ वे होती हैं जो हमारे होंठों को मिलाकर निकलती हैं।",प,Medial,लैपटॉप,इस ध्वनि में होंठों को दंतों से अलग करके हवा को जल्दी से निकाला जाता है।
ओष्ठय ध्वनियाँ,"ओष्ठय-ध्वनियाँ वे होती हैं जो हमारे होंठों को मिलाकर निकलती हैं।",प,Final,सांप,इस ध्वनि में होंठों को दंतों से अलग करके हवा को जल्दी से निकाला जाता है।
ओष्ठय ध्वनियाँ,"ओष्ठय-ध्वनियाँ वे होती हैं जो हमारे होंठों को मिलाकर निकलती हैं।",फ,Initial,फल,"इस ध्वनि में होंठों को मिलाकर हवा को रोका जाता है और फिर तेजी से खोला जाता है जिससे एक ध्वनि उत्पन्न होती है।"
ओष्ठय ध्वनियाँ,"ओष्ठय-ध्वनियाँ वे होती हैं जो हमारे होंठों को मिलाकर निकलती हैं।",फ,Medial,,"इस ध्वनि में होंठों को मिलाकर हवा को रोका जाता है और फिर तेजी से खोला जाता है जिससे एक ध्वनि उत्पन्न होती है।"
ओष्ठय ध्वनियाँ,"ओष्ठय-ध्वनियाँ वे होती हैं जो हमारे होंठों को मिलाकर निकलती हैं।",फ,Final,,"इस ध्वनि में होंठों को मिलाकर हवा को रोका जाता है और फिर तेजी से खोला जाता है जिससे एक ध्वनि उत्पन्न होती है।"
ओष्ठय ध्वनियाँ,"ओष्ठय-ध्वनियाँ वे होती हैं जो हमारे होंठों को मिलाकर निकलती हैं।",ब,Initial,बत्तख,"इस ध्वनि में होंठों को बंद किया जाता है लेकिन इसमें हवा को रोकने की स्थिति में धीरे-धीरे खोला जाता है, जिससे ध्वनि निकलती है।"
ओष्ठय ध्वनियाँ,"ओष्ठय-ध्वनियाँ वे होती हैं जो हमारे होंठों को मिलाकर निकलती हैं।",ब,Medial,,"इस ध्वनि में होंठों को बंद किया जाता है लेकिन इसमें हवा को रोकने की स्थिति में धीरे-धीरे खोला जाता है जिससे ध्वनि निकलती है।"
ओष्ठय ध्वनियाँ,"ओष्ठय-ध्वनियाँ वे होती हैं जो हमारे होंठों को मिलाकर निकलती हैं।",ब,Final,किताब,"इस ध्वनि में होंठों को बंद किया जाता है लेकिन इसमें हवा को रोकने की स्थिति में धीरे-धीरे खोला जाता है जिससे ध्वनि निकलती है।"
ओष्ठय ध्वनियाँ,"ओष्ठय-ध्वनियाँ वे होती हैं जो हमारे होंठों को मिलाकर निकलती हैं।",भ,Initial,भालू,"इसमें भी होठों को बंद किया जाता है लेकिन हवा को रोकने की स्थिति में जोर से होठों को दबा कर रखा जाता है जिसकी आवाज तेज और गहरी होती है।"
ओष्ठय ध्वनियाँ,"ओष्ठय-ध्वनियाँ वे होती हैं जो हमारे होंठों को मिलाकर निकलती हैं।",भ,Medial,,"इसमें भी होठों को बंद किया जाता है लेकिन हवा को रोकने की स्थिति में जोर से होठों को दबा कर रखा जाता है जिसकी आवाज तेज और गहरी होती है।"
ओष्ठय ध्वनियाँ,"ओष्ठय-ध्वनियाँ वे होती हैं जो हमारे होंठों को मिलाकर निकलती हैं।",भ,Final,जीभ,"इसमें भी होठों को बंद किया जाता है लेकिन हवा को रोकने की स्थिति में जोर से होठों को दबा कर रखा जाता है जिसकी आवाज तेज और गहरी होती है।"
ओष्ठय ध्वनियाँ,"ओष्ठय-ध्वनियाँ वे होती हैं जो हमारे होंठों को मिलाकर निकलती हैं।",म,Initial,मछली,इस ध्वनि में होठों एक दूसरे के साथ लगते हैं और नाक से हवा के बहने को रोक देते हैं।
ओष्ठय ध्वनियाँ,"ओष्ठय-ध्वनियाँ वे होती हैं जो हमारे होंठों को मिलाकर निकलती हैं।",म,Medial,चम्मच,इस ध्वनि में होठों एक दूसरे के साथ लगते हैं और नाक से हवा के बहने को रोक देते हैं।
ओष्ठय ध्वनियाँ,"ओष्ठय-ध्वनियाँ वे होती हैं जो हमारे होंठों को मिलाकर निकलती हैं।",म,Final,आम,इस ध्वनि में होठों एक दूसरे के साथ लगते हैं और नाक से हवा के बहने को रोक देते हैं।
ओष्ठय ध्वनियाँ,"ओष्ठय-ध्वनियाँ वे होती हैं जो हमारे होंठों को मिलाकर निकलती हैं।",व,Initial,वज़न,इस ध्वनि में होठों एक दूसरे के साथ लगते हैं और नाक से हवा के बहने को रोक देते हैं।
ओष्ठय ध्वनियाँ,"ओष्ठय-ध्वनियाँ वे होती हैं जो हमारे होंठों को मिलाकर निकलती हैं।",व,Medial,दरवाज़ा,इस ध्वनि में होठों एक दूसरे के साथ लगते हैं और नाक से हवा के बहने को रोक देते हैं।
ओष्ठय ध्वनियाँ,"ओष्ठय-ध्वनियाँ वे होती हैं जो हमारे होंठों को मिलाकर निकलती हैं।",व,Final,पाँव,इस ध्वनि में होठों एक दूसरे के साथ लगते हैं और नाक से हवा के बहने को रोक देते हैं।
काकलीय ध्वनियाँ,काकलीय व्यंजन ऐसे व्यंजन होता है जिनका उच्चारण प्रमुख रूप से कण्ठद्वार के प्रयोग द्वारा किया जाता है।,अ,Initial,अनार,आवाज़ को आपके मुँह को खोलकर निकालें।
काकलीय ध्वनियाँ,काकलीय व्यंजन ऐसे व्यंजन होता है जिनका उच्चारण प्रमुख रूप से कण्ठद्वार के प्रयोग द्वारा किया जाता है।,अ,Medial,,आवाज़ को आपके मुँह को खोलकर निकालें।
काकलीय ध्वनियाँ,काकलीय व्यंजन ऐसे व्यंजन होता है जिनका उच्चारण प्रमुख रूप से कण्ठद्वार के प्रयोग द्वारा किया जाता है।,अ,Final,,आवाज़ को आपके मुँह को खोलकर निकालें।
काकलीय ध्वनियाँ,काकलीय व्यंजन ऐसे व्यंजन होता है जिनका उच्चारण प्रमुख रूप से कण्ठद्वार के प्रयोग द्वारा किया जाता है।,आ,Initial,आईना,"जैसे ""आप"" में होता है मुँह को और भी अधिक खोलकर आवाज़ निकालें।"
काकलीय ध्वनियाँ,काकलीय व्यंजन ऐसे व्यंजन होता है जिनका उच्चारण प्रमुख रूप से कण्ठद्वार के प्रयोग द्वारा किया जाता है।,आ,Medial,,"जैसे ""आप"" में होता है मुँह को और भी अधिक खोलकर आवाज़ निकालें।"
काकलीय ध्वनियाँ,काकलीय व्यंजन ऐसे व्यंजन होता है जिनका उच्चारण प्रमुख रूप से कण्ठद्वार के प्रयोग द्वारा किया जाता है।,आ,Final,कछुआ,"जैसे ""आप"" में होता है मुँह को और भी अधिक खोलकर आवाज़ निकालें।"
काकलीय ध्वनियाँ,काकलीय व्यंजन ऐसे व्यंजन होता है जिनका उच्चारण प्रमुख रूप से कण्ठद्वार के प्रयोग द्वारा किया जाता है।,इ,Initial,इमली,"जैसे ""इंडिया"" में होता है मुँह को छोटे से खोलकर आवाज़ निकालें।"
काकलीय ध्वनियाँ,काकलीय व्यंजन ऐसे व्यंजन होता है जिनका उच्चारण प्रमुख रूप से कण्ठद्वार के प्रयोग द्वारा किया जाता है।,इ,Medial,,"जैसे ""इंडिया"" में होता है मुँह को छोटे से खोलकर आवाज़ निकालें।"
काकलीय ध्वनियाँ,काकलीय व्यंजन ऐसे व्यंजन होता है जिनका उच्चारण प्रमुख रूप से कण्ठद्वार के प्रयोग द्वारा किया जाता है।,इ,Final,,"जैसे ""इंडिया"" में होता है मुँह को छोटे से खोलकर आवाज़ निकालें।"
काकलीय ध्वनियाँ,काकलीय व्यंजन ऐसे व्यंजन होता है जिनका उच्चारण प्रमुख रूप से कण्ठद्वार के प्रयोग द्वारा किया जाता है।,ई,Initial,ईख,"जैसे ""ईश्वर"" में होता है मुँह को और भी अधिक खोलकर आवाज़ निकालें।"
काकलीय ध्वनियाँ,काकलीय व्यंजन ऐसे व्यंजन होता है जिनका उच्चारण प्रमुख रूप से कण्ठद्वार के प्रयोग द्वारा किया जाता है।,ई,Medial,आईना,"जैसे ""ईश्वर"" में होता है मुँह को और भी अधिक खोलकर आवाज़ निकालें।"
काकलीय ध्वनियाँ,काकलीय व्यंजन ऐसे व्यंजन होता है जिनका उच्चारण प्रमुख रूप से कण्ठद्वार के प्रयोग द्वारा किया जाता है।,ई,Final,,"जैसे ""ईश्वर"" में होता है मुँह को और भी अधिक खोलकर आवाज़ निकालें।"
काकलीय ध्वनियाँ,काकलीय व्यंजन ऐसे व्यंजन होता है जिनका उच्चारण प्रमुख रूप से कण्ठद्वार के प्रयोग द्वारा किया जाता है।,उ,Initial,उल्लू,"जैसे ""उत्तर"" में होता है मुँह को धीरे से खोलकर आवाज़ निकालें।"
काकलीय ध्वनियाँ,काकलीय व्यंजन ऐसे व्यंजन होता है जिनका उच्चारण प्रमुख रूप से कण्ठद्वार के प्रयोग द्वारा किया जाता है।,उ,Medial,,"जैसे ""उत्तर"" में होता है मुँह को धीरे से खोलकर आवाज़ निकालें।"
काकलीय ध्वनियाँ,काकलीय व्यंजन ऐसे व्यंजन होता है जिनका उच्चारण प्रमुख रूप से कण्ठद्वार के प्रयोग द्वारा किया जाता है।,उ,Final,,"जैसे ""उत्तर"" में होता है मुँह को धीरे से खोलकर आवाज़ निकालें।"
काकलीय ध्वनियाँ,काकलीय व्यंजन ऐसे व्यंजन होता है जिनका उच्चारण प्रमुख रूप से कण्ठद्वार के प्रयोग द्वारा किया जाता है।,ऊ,Initial,ऊंट," जैसे ""ऊचा"" में होता है मुँह को और भी अधिक खोलकर आवाज़ निकालें।"
काकलीय ध्वनियाँ,काकलीय व्यंजन ऐसे व्यंजन होता है जिनका उच्चारण प्रमुख रूप से कण्ठद्वार के प्रयोग द्वारा किया जाता है।,ऊ,Medial,," जैसे ""ऊचा"" में होता है मुँह को और भी अधिक खोलकर आवाज़ निकालें।"
काकलीय ध्वनियाँ,काकलीय व्यंजन ऐसे व्यंजन होता है जिनका उच्चारण प्रमुख रूप से कण्ठद्वार के प्रयोग द्वारा किया जाता है।,ऊ,Final,," जैसे ""ऊचा"" में होता है मुँह को और भी अधिक खोलकर आवाज़ निकालें।"
काकलीय ध्वनियाँ,काकलीय व्यंजन ऐसे व्यंजन होता है जिनका उच्चारण प्रमुख रूप से कण्ठद्वार के प्रयोग द्वारा किया जाता है।,ऋ,Initial,ऋषि,"""ऋ"" को उच्चारित करते समय आपको अपनी जीभ को आगे की ओर घुमाना होता है"
काकलीय ध्वनियाँ,काकलीय व्यंजन ऐसे व्यंजन होता है जिनका उच्चारण प्रमुख रूप से कण्ठद्वार के प्रयोग द्वारा किया जाता है।,ऋ,Medial,,"""ऋ"" को उच्चारित करते समय आपको अपनी जीभ को आगे की ओर घुमाना होता है"
काकलीय ध्वनियाँ,काकलीय व्यंजन ऐसे व्यंजन होता है जिनका उच्चारण प्रमुख रूप से कण्ठद्वार के प्रयोग द्वारा किया जाता है।,ऋ,Final,,"""ऋ"" को उच्चारित करते समय आपको अपनी जीभ को आगे की ओर घुमाना होता है"
काकलीय ध्वनियाँ,काकलीय व्यंजन ऐसे व्यंजन होता है जिनका उच्चारण प्रमुख रूप से कण्ठद्वार के प्रयोग द्वारा किया जाता है।,ए,Initial,एड़ी,"जैसे ""एक"" में होता है मुँह को अधिक खोलकर आवाज़ निकालें।"
काकलीय ध्वनियाँ,काकलीय व्यंजन ऐसे व्यंजन होता है जिनका उच्चारण प्रमुख रूप से कण्ठद्वार के प्रयोग द्वारा किया जाता है।,ए,Medial,,"जैसे ""एक"" में होता है मुँह को अधिक खोलकर आवाज़ निकालें।"
काकलीय ध्वनियाँ,काकलीय व्यंजन ऐसे व्यंजन होता है जिनका उच्चारण प्रमुख रूप से कण्ठद्वार के प्रयोग द्वारा किया जाता है।,ए,Final,,"जैसे ""एक"" में होता है मुँह को अधिक खोलकर आवाज़ निकालें।"
काकलीय ध्वनियाँ,काकलीय व्यंजन ऐसे व्यंजन होता है जिनका उच्चारण प्रमुख रूप से कण्ठद्वार के प्रयोग द्वारा किया जाता है।,ऐ,Initial,ऐनक," जैसे ""ऐसा"" में होता है मुँह को और भी अधिक खोलकर आवाज़ निकालें।"
काकलीय ध्वनियाँ,काकलीय व्यंजन ऐसे व्यंजन होता है जिनका उच्चारण प्रमुख रूप से कण्ठद्वार के प्रयोग द्वारा किया जाता है।,ऐ,Medial,," जैसे ""ऐसा"" में होता है मुँह को और भी अधिक खोलकर आवाज़ निकालें।"
काकलीय ध्वनियाँ,काकलीय व्यंजन ऐसे व्यंजन होता है जिनका उच्चारण प्रमुख रूप से कण्ठद्वार के प्रयोग द्वारा किया जाता है।,ऐ,Final,," जैसे ""ऐसा"" में होता है मुँह को और भी अधिक खोलकर आवाज़ निकालें।"
काकलीय ध्वनियाँ,काकलीय व्यंजन ऐसे व्यंजन होता है जिनका उच्चारण प्रमुख रूप से कण्ठद्वार के प्रयोग द्वारा किया जाता है।,ओ,Initial,ओखली," जैसे ""ओम"" में होता है मुँह को धीरे से खोलकर आवाज़ निकालें।"
काकलीय ध्वनियाँ,काकलीय व्यंजन ऐसे व्यंजन होता है जिनका उच्चारण प्रमुख रूप से कण्ठद्वार के प्रयोग द्वारा किया जाता है।,ओ,Medial,," जैसे ""ओम"" में होता है मुँह को धीरे से खोलकर आवाज़ निकालें।"
काकलीय ध्वनियाँ,काकलीय व्यंजन ऐसे व्यंजन होता है जिनका उच्चारण प्रमुख रूप से कण्ठद्वार के प्रयोग द्वारा किया जाता है।,ओ,Final,," जैसे ""ओम"" में होता है मुँह को धीरे से खोलकर आवाज़ निकालें।"
काकलीय ध्वनियाँ,काकलीय व्यंजन ऐसे व्यंजन होता है जिनका उच्चारण प्रमुख रूप से कण्ठद्वार के प्रयोग द्वारा किया जाता है।,औ,Initial,औरत,"जैसे ""और"" में होता है मुँह को और भी अधिक खोलकर आवाज़ निकालें।"
काकलीय ध्वनियाँ,काकलीय व्यंजन ऐसे व्यंजन होता है जिनका उच्चारण प्रमुख रूप से कण्ठद्वार के प्रयोग द्वारा किया जाता है।,औ,Medial,,"जैसे ""और"" में होता है मुँह को और भी अधिक खोलकर आवाज़ निकालें।"
काकलीय ध्वनियाँ,काकलीय व्यंजन ऐसे व्यंजन होता है जिनका उच्चारण प्रमुख रूप से कण्ठद्वार के प्रयोग द्वारा किया जाता है।,औ,Final,,"जैसे ""और"" में होता है मुँह को और भी अधिक खोलकर आवाज़ निकालें।"